id,business_type,intent,language,register,text,notes
g01,shared,greeting,en,warm,"Hi! How can I help you today?",
g02,shared,greeting,en,casual,"Hey there! What can I do for you?",
g03,shared,greeting,ne_deva,warm,"नमस्ते! आज तपाईंलाई के सहयोग चाहियो?",
g04,shared,greeting,ne_deva,casual,"नमस्ते है! भन्नुस्, के चाहियो?",
g05,shared,greeting,ne_roman,warm,"Namaste! Aja k sahayog chahiyo?",
g06,shared,greeting,ne_roman,casual,"Namaste hajur! K help garna sakchu?",
g07,shared,greeting,mixed,warm,"Hi! Kasto cha, k help garna sakchu today?",
g08,shared,greeting,mixed,casual,"Hey! Sabai thik cha? K chahiyo bhannus.",
gq01,shared,general_question,en,neutral,"Sure — {SERVICE} takes about {TIME} and we're open {TIME} most days.",placeholder-heavy example
gq02,dental,general_question,en,warm,"Good question! We do walk-ins too, but booking ahead means less waiting.",
gq03,trekking,general_question,en,neutral,"For {SERVICE}, most people go with a guide — it's not required, but it helps a lot with permits and route-finding.",
gq04,study_abroad,general_question,en,warm,"We work with students heading to a bunch of different countries — happy to walk you through what fits your situation.",
gq05,organic_food,general_question,en,casual,"Yep, all our stuff is grown without pesticides — that's kind of the whole point of us!",
gq06,shared,general_question,ne_deva,neutral,"हामीले {SERVICE} को लागि {TIME} जति समय लाग्छ।",placeholder-heavy example
gq07,dental,general_question,ne_roman,warm,"Ramro question ho! Walk-in pani lincha, tara appointment garepachi wait garnu pardaina.",
gq08,trekking,general_question,ne_roman,neutral,"{SERVICE} ko lagi guide sanga jaanu ramro huncha, permit ra baato dekhauna help garcha.",
gq09,study_abroad,general_question,mixed,warm,"Hami multiple countries ko lagi help garchau — tapaiko situation kasto cha, bhannus na.",
gq10,organic_food,general_question,mixed,casual,"Hajur, sabai chij pesticide bina grow gareko ho — that's the whole point!",
sq01,dental,service_question,en,neutral,"{SERVICE} usually takes around {TIME}, and it's done in one visit for most people.",
sq02,trekking,service_question,en,warm,"The {SERVICE} route is one of our most popular ones — great views, moderate difficulty.",
sq03,study_abroad,service_question,en,neutral,"For {SERVICE}, we review your documents first, then help you put the application together.",
sq04,organic_food,service_question,en,casual,"That one's a customer favorite — fresh in every {TIME}.",
sq05,dental,service_question,ne_deva,neutral,"{SERVICE} लाई सामान्यतया {TIME} जति लाग्छ, एउटै भेटमा हुन्छ।",
sq06,trekking,service_question,ne_roman,warm,"{SERVICE} ko route ekdam popular ho — view ramro cha, difficulty pani manageable cha.",
sq07,study_abroad,service_question,ne_roman,neutral,"{SERVICE} ko lagi pahila documents herchau, ani application banauna help garchau.",
sq08,organic_food,service_question,mixed,casual,"Tyo ta customer favorite ho — fresh huncha every {TIME}.",
pq01,dental,pricing_question,en,neutral,"{SERVICE} is {PRICE}, and it takes about {TIME}.",
pq02,trekking,pricing_question,en,warm,"{SERVICE} runs {PRICE} per person — that includes the guide and permits.",
pq03,study_abroad,pricing_question,en,neutral,"Our {SERVICE} fee is {PRICE}; there's no charge for the first consultation.",
pq04,organic_food,pricing_question,en,casual,"That's {PRICE} for {SERVICE} — pretty good deal if you ask me.",
pq05,dental,pricing_question,ne_deva,neutral,"{SERVICE} को मूल्य {PRICE} हो, र लगभग {TIME} लाग्छ।",
pq06,trekking,pricing_question,ne_roman,warm,"{SERVICE} ko price {PRICE} per person ho — guide ra permit sabai included.",
pq07,study_abroad,pricing_question,ne_roman,neutral,"{SERVICE} ko fee {PRICE} ho, pahilo consultation free ho.",
pq08,organic_food,pricing_question,mixed,casual,"Tyo {SERVICE} ko lagi {PRICE} ho — quite reasonable actually.",
bk01,shared,booking,en,warm,"Sure, let's get that set up — what day works best for you?",
bk02,shared,booking,en,casual,"Got it, let me check what's open — one sec.",
bk03,dental,booking,en,neutral,"I can book {SERVICE} for you — do mornings or afternoons work better?",
bk04,trekking,booking,en,warm,"Nice choice! For {SERVICE}, when are you thinking of heading out?",
bk05,shared,booking,ne_deva,warm,"ठिक छ, मिलाउँछौं — कुन दिन तपाईंलाई मिल्छ?",
bk06,shared,booking,ne_roman,casual,"Huss, milauchu — kun din milcha?",
bk07,dental,booking,ne_roman,neutral,"{SERVICE} book garna sakchu — morning ki afternoon kun milcha?",
bk08,trekking,booking,mixed,warm,"Nice! {SERVICE} ko lagi kahile jaane plan cha?",
rs01,shared,rescheduling,en,warm,"No problem — when would you like to move it to?",
rs02,shared,rescheduling,en,neutral,"Sure, I can move your {SERVICE} appointment — what new time works?",
rs03,shared,rescheduling,ne_deva,warm,"कुनै समस्या छैन — कुन समयमा सार्ने?",
rs04,shared,rescheduling,ne_roman,casual,"Problem xaina, kahile sarne bhannus.",
rs05,shared,rescheduling,mixed,neutral,"Huss, {SERVICE} appointment sarna sakchu — new time k ho?",
rs06,shared,rescheduling,ne_roman,neutral,"{SERVICE} ko appointment sarna sakchu — kun time milcha bhannus.",
cx01,shared,cancellation,en,neutral,"Done — that's cancelled. Let me know if you'd like to rebook later.",
cx02,shared,cancellation,en,warm,"No worries, I've cancelled that for you.",
cx03,shared,cancellation,ne_deva,neutral,"ठिक छ, त्यो रद्द गरियो।",
cx04,shared,cancellation,ne_roman,casual,"Huss, cancel bhayo tyo.",
cx05,shared,cancellation,mixed,warm,"Done, cancel bhayo — feel free to rebook pachi.",
as01,shared,appointment_status,en,neutral,"Yes, that's confirmed for {TIME} on {DATE}.",
as02,shared,appointment_status,en,casual,"Yep, you're all set for {DATE}.",
as03,shared,appointment_status,ne_deva,neutral,"हो, त्यो {DATE} मा {TIME} बजे कन्फर्म भएको छ।",
as04,shared,appointment_status,ne_roman,warm,"Hajur, {DATE} ma {TIME} confirm bhaisakyo.",
as05,shared,appointment_status,mixed,casual,"Yep, {DATE} ma {TIME} sabai set cha.",
bh01,shared,business_hours,en,neutral,"We're open {TIME} most days.",
bh02,shared,business_hours,en,casual,"Open {TIME} — closed on {DATE} though.",
bh03,shared,business_hours,ne_deva,neutral,"हामी {TIME} सम्म खुला हुन्छौं।",
bh04,shared,business_hours,ne_roman,casual,"Aaja {TIME} samma khula cha.",
bh05,shared,business_hours,mixed,neutral,"We are open {TIME} — {DATE} chai band huncha.",
lc01,shared,location,en,neutral,"We're at {ADDRESS} — easy to find, right near {SERVICE}.",placeholder used loosely for a nearby landmark
lc02,shared,location,ne_deva,neutral,"हामी {ADDRESS} मा छौं।",
lc03,shared,location,ne_roman,warm,"Hami {ADDRESS} ma xau — pauna sajilo cha.",
lc04,shared,location,mixed,casual,"We're at {ADDRESS} — pauna easy cha, don't worry.",
cp01,shared,complaint,en,warm,"That's not okay, I'm sorry — let's get this sorted out.",
cp02,shared,complaint,en,neutral,"I hear you — let me look into what happened.",
cp03,shared,complaint,en,casual,"Ugh, that's frustrating. Let me fix this for you.",
cp04,shared,complaint,ne_deva,warm,"त्यो त ठिक भएन, माफ गर्नुहोस् — म हेर्छु।",
cp05,shared,complaint,ne_roman,neutral,"Tyo ta thik bhayena — ma herchu k bhayo vanera.",
cp06,shared,complaint,ne_roman,warm,"Sorry hai, tyo galat bhayo — abhi thik garchu.",
cp07,shared,complaint,mixed,neutral,"That's not right — ma check garchu k bhayo.",
cp08,shared,complaint,mixed,warm,"Sorry hai, yo definitely thik hunu parne thiyo — let me sort it out.",
hh01,shared,human_handoff,en,neutral,"Let me get our team to reach out to you directly on this one.",
hh02,shared,human_handoff,en,warm,"I'll have someone from our team call you shortly — that'll be faster for this.",
hh03,shared,human_handoff,ne_deva,neutral,"यो बारेमा हाम्रो टिमले नै तपाईंलाई सम्पर्क गर्नेछ।",
hh04,shared,human_handoff,ne_roman,warm,"Yo ko lagi hamro team le tapailai contact garcha, chittai.",
hh05,shared,human_handoff,mixed,neutral,"Team le tapailai directly contact garcha yo ko lagi.",
fu01,shared,follow_up,en,casual,"You're welcome!",closing after thanks
fu02,shared,follow_up,en,warm,"You're welcome — glad I could help!",closing after thanks
fu03,shared,follow_up,en,neutral,"Sounds good.",closing acknowledgment
fu04,shared,follow_up,ne_deva,warm,"स्वागत छ!",closing after thanks
fu05,shared,follow_up,ne_roman,casual,"Swagat cha!",closing after thanks
fu06,shared,follow_up,ne_roman,warm,"Huss, khusi lagyo help garna paayera!",closing after thanks
fu07,shared,follow_up,mixed,casual,"Welcome ni!",closing after thanks
fu08,shared,follow_up,mixed,warm,"You're welcome — glad that helped!",closing after thanks
ot01,shared,off_topic,en,neutral,"That's outside what I can help with here, sorry — is there anything about {SERVICE} I can help with instead?",
ot02,shared,off_topic,ne_deva,neutral,"त्यो म यहाँ सहयोग गर्न सक्दिन, माफ गर्नुहोस्।",
ot03,shared,off_topic,ne_roman,casual,"Tyo ma yaha help garna sakdina hai, sorry.",
ot04,shared,off_topic,mixed,neutral,"That's outside ma yaha help garna sakne kura — {SERVICE} ko barema sodhnus?",
rc01,shared,resend_confirmation,en,neutral,"Sure, one moment.",
rc02,shared,resend_confirmation,ne_deva,neutral,"ठिक छ, एक छिन।",
rc03,shared,resend_confirmation,ne_roman,casual,"Huss, ek chin.",
